{"cameraMode":{"drawMode":0,"name":"Shaded","section":"Shading Mode"},"sceneLighting":false,"audioPlay":false,"sceneViewState":{"m_AlwaysRefresh":false,"showFog":true,"showSkybox":false,"showFlares":true,"showImageEffects":true,"showParticleSystems":true,"showVisualEffectGraphs":true,"m_FxEnabled":true},"in2DMode":false,"pivot":{"x":-1.0786008834838868,"y":-1.5975878238677979,"z":1.764448642730713},"rotation":{"x":0.020916171371936799,"y":-0.5420060157775879,"z":0.013503880240023137,"w":0.8400396704673767},"size":3.1339781284332277,"orthographic":false}