{"cameraMode":{"drawMode":0,"name":"Shaded","section":"Shading Mode"},"sceneLighting":false,"audioPlay":false,"sceneViewState":{"m_AlwaysRefresh":false,"showFog":true,"showSkybox":true,"showFlares":true,"showImageEffects":true,"showParticleSystems":true,"showVisualEffectGraphs":true,"m_FxEnabled":true},"in2DMode":false,"pivot":{"x":10.336807250976563,"y":-152.5701446533203,"z":897.424560546875},"rotation":{"x":0.09018518030643463,"y":0.007779838051646948,"z":-0.0006997360032983124,"w":0.995905339717865},"size":473.4764099121094,"orthographic":false}