{"cameraMode":{"drawMode":0,"name":"Shaded","section":"Shading Mode"},"sceneLighting":false,"audioPlay":false,"sceneViewState":{"showFog":true,"showMaterialUpdate":false,"showSkybox":true,"showFlares":true,"showImageEffects":true,"showParticleSystems":true,"showVisualEffectGraphs":true,"m_FxEnabled":true},"in2DMode":false,"pivot":{"x":-19.94672203063965,"y":-11.645040512084961,"z":254.32015991210938},"rotation":{"x":-0.027283450588583947,"y":0.041070375591516498,"z":-0.0011219342704862357,"w":-0.9987857341766357},"size":130.1202392578125,"orthographic":false}